,opoznienie_f,godzina_f,rodzaj_pojazdu,linia,dzien_tygodnia,model,latitude,longtitude
0,1.983,14.716666666666669,TRAMWAJ,17,sroda,MODERTRANS,16.91927,52.40932
1,0.617,14.733333333333333,TRAMWAJ,8,sroda,KONSTAL,16.913743,52.410965
2,-0.85,14.733333333333333,TRAMWAJ,6,sroda,MODERTRANS,16.911029,52.404002
3,0.733,14.75,TRAMWAJ,12,sroda,SOLARIS,16.915074,52.403027
4,1.983,14.75,TRAMWAJ,10,sroda,MODERTRANS,16.920521,52.401927
5,1.983,14.766666666666667,TRAMWAJ,6,sroda,KONSTAL,16.911029,52.404002
6,3.967,14.766666666666667,TRAMWAJ,12,sroda,SOLARIS,16.9343,52.39924
7,0.9,14.766666666666667,TRAMWAJ,9,sroda,SOLARIS,16.93425,52.40195
8,3.383,14.783333333333331,TRAMWAJ,7,sroda,MODERTRANS,16.948822,52.396174
9,-0.483,14.783333333333331,TRAMWAJ,5,sroda,KONSTAL,16.948822,52.396174
10,3.017,14.783333333333331,TRAMWAJ,6,sroda,SOLARIS,16.948822,52.396174
11,-0.267,14.8,TRAMWAJ,8,sroda,MODERTRANS,16.955791,52.410089
12,1.883,14.8,TRAMWAJ,13,sroda,SOLARIS,16.952099,52.3988
13,12.75,14.816666666666666,TRAMWAJ,1,sroda,MODERTRANS,16.969101,52.383283
14,6.017,14.833333333333334,TRAMWAJ,13,sroda,SOLARIS,16.943308,52.381063
15,0.85,14.85,TRAMWAJ,2,sroda,MODERTRANS,16.921917,52.393879
16,2.033,14.85,TRAMWAJ,1,sroda,TATRA,16.929247,52.382774
17,1.0,14.85,AUTOBUS,176,sroda,AUTOBUS,16.92371,52.388224
18,-0.233,14.866666666666667,TRAMWAJ,7,sroda,MODERTRANS,16.918128,52.384071
19,2.467,14.866666666666667,TRAMWAJ,10,sroda,MODERTRANS,16.916189,52.3871
20,1.1,14.883333333333333,TRAMWAJ,8,sroda,KONSTAL,16.893565,52.390274
21,-0.333,14.883333333333333,TRAMWAJ,9,sroda,SOLARIS,16.914002,52.384641
22,4.033,14.883333333333333,AUTOBUS,171,sroda,AUTOBUS,16.910942,52.388145
23,-1.033,14.9,TRAMWAJ,3,sroda,MODERTRANS,16.888218,52.402351
24,-0.217,14.9,AUTOBUS,169,sroda,AUTOBUS,16.887349,52.404905
25,-0.867,14.916666666666666,AUTOBUS,159,sroda,AUTOBUS,16.874169,52.411718
26,0.683,14.916666666666666,AUTOBUS,169,sroda,AUTOBUS,16.887349,52.404905
27,9.867,14.933333333333334,TRAMWAJ,18,sroda,MODERTRANS,16.890361,52.415741
28,1.25,14.933333333333334,AUTOBUS,191,sroda,AUTOBUS,16.877223,52.411898
29,0.317,14.933333333333334,AUTOBUS,729,sroda,AUTOBUS,16.874169,52.411718
30,-0.767,14.95,TRAMWAJ,2,sroda,MODERTRANS,16.890361,52.415741
31,4.9,14.95,TRAMWAJ,18,sroda,MODERTRANS,16.903957,52.412236
32,1.117,14.95,TRAMWAJ,7,sroda,MODERTRANS,16.890361,52.415741
33,8.583,14.966666666666669,TRAMWAJ,7,sroda,MODERTRANS,16.913743,52.410965
34,0.717,14.966666666666669,TRAMWAJ,10,sroda,MODERTRANS,16.913743,52.410965
35,0.7,14.983333333333333,TRAMWAJ,11,sroda,MODERTRANS,16.918006,52.415581
36,1.683,14.983333333333333,TRAMWAJ,15,sroda,SOLARIS,16.913743,52.410965
37,-1.467,14.983333333333333,TRAMWAJ,16,sroda,MODERTRANS,16.913743,52.410965
38,1.85,14.983333333333333,TRAMWAJ,10,sroda,MODERTRANS,16.918006,52.415581
39,0.15,15.0,TRAMWAJ,7,sroda,MODERTRANS,16.918006,52.415581
40,6.233,15.133333333333333,AUTOBUS,168,sroda,AUTOBUS,16.91919,52.40722
41,-0.25,15.016666666666667,TRAMWAJ,14,sroda,SOLARIS,16.913743,52.410965
42,2.05,15.016666666666667,AUTOBUS,182,sroda,AUTOBUS,16.909211,52.424272
43,-0.667,15.016666666666667,AUTOBUS,160,sroda,AUTOBUS,16.913584,52.419037
44,0.817,15.033333333333331,TRAMWAJ,2,sroda,MODERTRANS,16.908657,52.408292
45,0.033,15.033333333333331,AUTOBUS,164,sroda,AUTOBUS,16.90584,52.416207
46,0.433,15.05,TRAMWAJ,15,sroda,MODERTRANS,16.91106,52.4065
47,-0.367,15.05,TRAMWAJ,12,sroda,SOLARIS,16.915074,52.403027
48,0.05,15.05,AUTOBUS,145,sroda,AUTOBUS,16.910257,52.401116
49,7.917,15.066666666666666,TRAMWAJ,7,sroda,KONSTAL,16.886707,52.392884
50,2.217,15.066666666666666,TRAMWAJ,11,sroda,MODERTRANS,16.893565,52.390274
51,6.05,15.066666666666666,TRAMWAJ,5,sroda,SOLARIS,16.891368,52.387588
52,3.733,15.083333333333334,TRAMWAJ,8,sroda,MODERTRANS,16.898504,52.393963
53,6.267,15.083333333333334,TRAMWAJ,6,sroda,SOLARIS,16.892479,52.403411
54,0.217,15.083333333333334,AUTOBUS,164,sroda,AUTOBUS,16.900199,52.398325
55,3.083,15.1,TRAMWAJ,2,sroda,MODERTRANS,16.903957,52.412236
56,-0.717,15.1,TRAMWAJ,3,sroda,MODERTRANS,16.892479,52.403411
57,0.467,15.1,AUTOBUS,164,sroda,AUTOBUS,16.899404,52.405227
58,0.633,15.116666666666667,TRAMWAJ,15,sroda,KONSTAL,16.899404,52.405227
59,1.217,15.116666666666667,TRAMWAJ,16,sroda,MODERTRANS,16.91919,52.40722
60,1.1,15.116666666666667,AUTOBUS,163,sroda,AUTOBUS,16.91309,52.4078
61,1.433,18.433333333333334,AUTOBUS,168,sroda,AUTOBUS,16.92024,52.413122
62,4.433,15.15,AUTOBUS,171,sroda,AUTOBUS,16.926793,52.415281
63,1.467,15.166666666666666,AUTOBUS,167,sroda,AUTOBUS,16.937471,52.410749
64,12.483,15.166666666666666,AUTOBUS,603,sroda,AUTOBUS,16.938316,52.408838
65,3.0,15.183333333333334,TRAMWAJ,17,sroda,MODERTRANS,16.947315,52.41003
66,0.517,15.183333333333334,AUTOBUS,163,sroda,AUTOBUS,16.937471,52.410749
67,5.133,15.183333333333334,AUTOBUS,190,sroda,AUTOBUS,16.938316,52.408838
68,3.233,15.2,TRAMWAJ,13,sroda,SIEMENS,16.932135,52.405568
69,0.233,15.216666666666669,TRAMWAJ,6,sroda,SOLARIS,16.9343,52.39924
70,-0.133,15.216666666666669,AUTOBUS,603,sroda,AUTOBUS,16.930575,52.387442
71,2.35,15.25,TRAMWAJ,18,sroda,MODERTRANS,16.948669,52.393005
72,1.833,15.266666666666667,TRAMWAJ,13,sroda,SOLARIS,16.948822,52.396174
73,4.167,15.266666666666667,TRAMWAJ,7,sroda,MODERTRANS,16.948822,52.396174
74,2.2,15.283333333333331,TRAMWAJ,5,sroda,MODERTRANS,16.9343,52.39924
75,-0.667,15.283333333333331,TRAMWAJ,6,sroda,SOLARIS,16.948822,52.396174
76,8.0,15.283333333333331,AUTOBUS,190,sroda,AUTOBUS,16.944506,52.397126
77,-1.45,15.3,TRAMWAJ,6,sroda,SOLARIS,16.920521,52.401927
78,0.5,15.3,TRAMWAJ,9,sroda,SOLARIS,16.92792,52.39997
79,-0.7,15.3,TRAMWAJ,16,sroda,MODERTRANS,16.91309,52.4078
80,0.483,15.316666666666666,TRAMWAJ,17,sroda,MODERTRANS,16.913743,52.410965
81,1.8,15.316666666666666,AUTOBUS,170,sroda,AUTOBUS,16.899182,52.432844
82,2.317,15.316666666666666,AUTOBUS,182,sroda,AUTOBUS,16.904966,52.426144
83,1.8,15.333333333333334,AUTOBUS,170,sroda,AUTOBUS,16.869818,52.450794
84,-2.35,15.333333333333334,AUTOBUS,183,sroda,AUTOBUS,16.886797,52.442386
85,-0.517,15.35,AUTOBUS,146,sroda,AUTOBUS,16.879105,52.457313
86,10.967,15.366666666666667,AUTOBUS,190,sroda,AUTOBUS,16.903703,52.463646
87,0.233,15.383333333333333,TRAMWAJ,3,sroda,MODERTRANS,16.946522,52.444872
88,0.8,15.383333333333333,AUTOBUS,146,sroda,AUTOBUS,16.947716,52.455453
89,3.367,15.383333333333333,AUTOBUS,198,sroda,AUTOBUS,16.928993,52.465241
90,1.083,15.4,AUTOBUS,169,sroda,AUTOBUS,16.933385,52.451668
91,0.217,15.433333333333334,TRAMWAJ,7,sroda,MODERTRANS,16.936135,52.427002
92,0.95,15.45,TRAMWAJ,17,sroda,MODERTRANS,16.955791,52.410089
93,3.383,15.45,TRAMWAJ,18,sroda,MODERTRANS,16.948822,52.396174
94,2.8,15.45,AUTOBUS,157,sroda,AUTOBUS,16.955791,52.410089
95,1.35,15.466666666666669,AUTOBUS,181,sroda,AUTOBUS,16.948822,52.396174
96,11.333,15.466666666666669,AUTOBUS,196,sroda,AUTOBUS,16.948822,52.396174
97,4.467,15.483333333333333,TRAMWAJ,6,sroda,SOLARIS,16.948822,52.396174
98,1.867,15.483333333333333,TRAMWAJ,13,sroda,SOLARIS,16.948822,52.396174
99,1.383,15.5,TRAMWAJ,5,sroda,KONSTAL,16.948669,52.393005
100,-0.133,15.5,TRAMWAJ,13,sroda,SOLARIS,16.948822,52.396174
101,7.133,15.5,TRAMWAJ,7,sroda,MODERTRANS,16.948822,52.396174
102,-0.533,15.5,TRAMWAJ,18,sroda,MODERTRANS,16.948822,52.396174
103,0.8,15.516666666666667,TRAMWAJ,1,sroda,KONSTAL,16.943308,52.381063
104,6.55,15.516666666666667,TRAMWAJ,18,sroda,MODERTRANS,16.943308,52.381063
105,0.717,15.533333333333331,TRAMWAJ,1,sroda,KONSTAL,16.943308,52.381063
106,3.117,15.533333333333331,TRAMWAJ,18,sroda,MODERTRANS,16.943308,52.381063
107,1.017,15.55,TRAMWAJ,18,sroda,MODERTRANS,16.965921,52.380703
108,2.483,15.566666666666666,TRAMWAJ,1,sroda,TATRA,16.990825,52.382106
109,-0.283,15.566666666666666,AUTOBUS,162,sroda,AUTOBUS,16.975637,52.391256
110,1.233,15.566666666666666,AUTOBUS,190,sroda,AUTOBUS,16.975637,52.391256
111,3.417,15.583333333333334,AUTOBUS,166,sroda,AUTOBUS,16.992538,52.389876
112,3.483,15.583333333333334,AUTOBUS,181,sroda,AUTOBUS,16.990825,52.382106
113,-1.167,15.6,TRAMWAJ,6,sroda,MODERTRANS,16.955791,52.410089
114,-0.85,15.6,AUTOBUS,157,sroda,AUTOBUS,16.975502,52.398276
115,0.167,15.6,AUTOBUS,320,sroda,AUTOBUS,16.960266,52.416613
116,2.467,15.616666666666667,TRAMWAJ,11,sroda,MODERTRANS,16.908354,52.420793
117,1.167,15.616666666666667,AUTOBUS,603,sroda,AUTOBUS,16.939637,52.40487
118,5.267,15.633333333333333,AUTOBUS,191,sroda,AUTOBUS,16.894864,52.421349
119,0.15,15.65,TRAMWAJ,2,sroda,MODERTRANS,16.890361,52.415741
120,4.983,15.65,AUTOBUS,163,sroda,AUTOBUS,16.893578,52.409009
121,2.617,15.65,AUTOBUS,177,sroda,AUTOBUS,16.877223,52.411898
122,2.467,15.65,AUTOBUS,182,sroda,AUTOBUS,16.877223,52.411898
123,-1.15,16.3,AUTOBUS,169,sroda,AUTOBUS,16.946522,52.444872
124,-1.467,16.316666666666666,AUTOBUS,190,sroda,AUTOBUS,16.947994,52.426958
125,0.617,16.316666666666666,AUTOBUS,178,sroda,AUTOBUS,16.939253,52.43562
126,1.333,16.333333333333332,AUTOBUS,191,sroda,AUTOBUS,16.920209,52.435948
127,-0.117,16.333333333333332,TRAMWAJ,15,sroda,KONSTAL,16.920086,52.442506
128,1.9,16.35,AUTOBUS,185,sroda,AUTOBUS,16.914288,52.450679
129,0.95,16.35,AUTOBUS,190,sroda,AUTOBUS,16.914059,52.446896
130,2.0,16.35,AUTOBUS,190,sroda,AUTOBUS,16.913988,52.444635
131,-0.733,16.366666666666667,TRAMWAJ,11,sroda,MODERTRANS,16.907257,52.441238
132,4.617,16.366666666666667,AUTOBUS,183,sroda,AUTOBUS,16.920209,52.435948
133,0.117,16.366666666666667,TRAMWAJ,15,sroda,KONSTAL,16.919463,52.427159
134,1.433,16.366666666666667,TRAMWAJ,14,sroda,SOLARIS,16.920209,52.435948
135,6.467,16.383333333333333,TRAMWAJ,15,sroda,KONSTAL,16.919463,52.427159
136,1.917,16.383333333333333,TRAMWAJ,11,sroda,MODERTRANS,16.918006,52.415581
137,1.75,16.4,TRAMWAJ,16,sroda,MODERTRANS,16.91309,52.4078
138,-0.217,16.4,TRAMWAJ,14,sroda,SOLARIS,16.910257,52.401116
139,0.383,16.4,TRAMWAJ,3,sroda,MODERTRANS,16.91106,52.4065
140,1.05,15.0,AUTOBUS,168,sroda,AUTOBUS,16.926793,52.415281
141,0.817,16.416666666666668,TRAMWAJ,2,sroda,MODERTRANS,16.917231,52.405738
142,2.017,16.416666666666668,TRAMWAJ,11,sroda,MODERTRANS,16.911029,52.404002
143,6.0,16.433333333333334,TRAMWAJ,18,sroda,KONSTAL,16.913743,52.410965
144,-0.883,16.433333333333334,TRAMWAJ,12,sroda,MODERTRANS,16.920209,52.435948
145,-0.25,16.45,TRAMWAJ,16,sroda,MODERTRANS,16.920209,52.435948
146,5.383,16.45,TRAMWAJ,15,sroda,KONSTAL,16.920086,52.442506
147,0.467,16.466666666666665,TRAMWAJ,14,sroda,SOLARIS,16.920086,52.442506
148,2.667,16.466666666666665,TRAMWAJ,16,sroda,MODERTRANS,16.920209,52.435948
149,4.55,16.75,TRAMWAJ,10,sroda,MODERTRANS,16.914002,52.384641
150,-1.233,16.75,TRAMWAJ,11,sroda,MODERTRANS,16.914002,52.384641
151,0.183,16.75,TRAMWAJ,6,sroda,MODERTRANS,16.911029,52.404002
152,0.933,16.766666666666666,TRAMWAJ,6,sroda,KONSTAL,16.911029,52.404002
153,1.733,16.766666666666666,TRAMWAJ,18,sroda,MODERTRANS,16.911029,52.404002
154,-0.067,16.766666666666666,AUTOBUS,171,sroda,AUTOBUS,16.91919,52.40722
155,3.133,16.766666666666666,TRAMWAJ,17,sroda,MODERTRANS,16.91927,52.40932
156,1.417,16.783333333333335,TRAMWAJ,10,sroda,MODERTRANS,16.913743,52.410965
157,1.35,16.783333333333335,TRAMWAJ,8,sroda,MODERTRANS,16.91309,52.4078
158,4.633,16.8,TRAMWAJ,12,sroda,MODERTRANS,16.913743,52.410965
159,-1.667,16.8,TRAMWAJ,15,sroda,SIEMENS,16.91106,52.4065
160,1.067,16.8,TRAMWAJ,18,sroda,MODERTRANS,16.911029,52.404002
161,1.433,16.816666666666666,AUTOBUS,159,sroda,AUTOBUS,16.898751,52.408332
162,-0.783,16.816666666666666,TRAMWAJ,3,sroda,MODERTRANS,16.91309,52.4078
163,4.933,16.816666666666666,TRAMWAJ,8,sroda,KONSTAL,16.911029,52.404002
164,-0.217,16.833333333333332,TRAMWAJ,5,sroda,MODERTRANS,16.915074,52.403027
165,-0.483,16.833333333333332,TRAMWAJ,6,sroda,MODERTRANS,16.888218,52.402351
166,2.383,16.833333333333332,TRAMWAJ,1,sroda,MODERTRANS,16.875847,52.398963
167,1.917,16.85,AUTOBUS,145,sroda,AUTOBUS,16.874533,52.404379
168,-2.167,16.85,AUTOBUS,148,sroda,AUTOBUS,16.874169,52.411718
169,-0.067,16.85,AUTOBUS,193,sroda,AUTOBUS,16.863559,52.412037
170,7.417,16.866666666666667,AUTOBUS,834,sroda,AUTOBUS,16.882463,52.417054
171,-0.783,16.866666666666667,AUTOBUS,121,sroda,AUTOBUS,16.87293,52.41866
172,-0.533,16.866666666666667,AUTOBUS,729,sroda,AUTOBUS,16.882463,52.417054
173,12.617,16.866666666666667,AUTOBUS,191,sroda,AUTOBUS,16.877223,52.411898
174,0.15,16.883333333333333,AUTOBUS,182,sroda,AUTOBUS,16.881051,52.395919
175,2.1,16.883333333333333,TRAMWAJ,5,sroda,TATRA,16.886762,52.384075
176,3.083,16.9,TRAMWAJ,7,sroda,MODERTRANS,16.918128,52.384071
177,3.167,16.916666666666668,AUTOBUS,184,sroda,AUTOBUS,16.948669,52.393005
178,0.95,16.916666666666668,AUTOBUS,166,sroda,AUTOBUS,16.948822,52.396174
179,1.883,16.933333333333334,TRAMWAJ,13,sroda,SOLARIS,16.948822,52.396174
180,1.483,16.95,TRAMWAJ,13,sroda,SOLARIS,16.952099,52.3988
181,8.217,16.95,AUTOBUS,184,sroda,AUTOBUS,16.955791,52.410089
182,-0.967,16.95,TRAMWAJ,6,sroda,MODERTRANS,16.955791,52.410089
183,2.533,16.966666666666665,TRAMWAJ,6,sroda,MODERTRANS,16.972263,52.409036
184,-0.8,16.966666666666665,AUTOBUS,185,sroda,AUTOBUS,16.958183,52.413647
185,1.283,16.966666666666665,AUTOBUS,183,sroda,AUTOBUS,16.965192,52.42355
186,7.167,16.983333333333334,AUTOBUS,322,sroda,AUTOBUS,16.965817,52.427779
187,2.267,16.983333333333334,AUTOBUS,162,sroda,AUTOBUS,16.987942,52.368714
188,1.533,16.983333333333334,AUTOBUS,181,sroda,AUTOBUS,16.966743,52.390395
189,4.517,17.0,AUTOBUS,166,sroda,AUTOBUS,16.953054,52.391775
190,1.817,17.0,TRAMWAJ,12,sroda,KONSTAL,16.948822,52.396174
191,-0.5,17.05,TRAMWAJ,9,sroda,SOLARIS,16.93425,52.40195
192,-0.233,18.416666666666668,AUTOBUS,160,sroda,AUTOBUS,16.928656,52.411689
193,0.583,16.416666666666668,AUTOBUS,168,sroda,AUTOBUS,16.915074,52.403027
194,-1.183,18.433333333333334,TRAMWAJ,3,sroda,MODERTRANS,16.926833,52.424766
195,0.367,18.433333333333334,AUTOBUS,322,sroda,AUTOBUS,16.911768,52.438245
196,-0.833,18.45,TRAMWAJ,16,sroda,MODERTRANS,16.919463,52.427159
197,-1.4,18.466666666666665,TRAMWAJ,14,sroda,SOLARIS,16.919463,52.427159
198,0.517,18.466666666666665,TRAMWAJ,11,sroda,MODERTRANS,16.918006,52.415581
199,-1.083,18.466666666666665,AUTOBUS,160,sroda,AUTOBUS,16.908354,52.420793
200,2.633,18.48333333333333,AUTOBUS,164,sroda,AUTOBUS,16.904006,52.413483
201,-0.717,18.48333333333333,AUTOBUS,159,sroda,AUTOBUS,16.898751,52.408332
202,1.1,18.48333333333333,TRAMWAJ,14,sroda,KONSTAL,16.898504,52.393963
203,0.25,18.5,TRAMWAJ,11,sroda,MODERTRANS,16.898504,52.393963
204,-0.1,18.5,TRAMWAJ,1,sroda,KONSTAL,16.886707,52.392884
205,-1.133,18.5,TRAMWAJ,7,sroda,MODERTRANS,16.888218,52.402351
206,-0.35,18.5,TRAMWAJ,6,sroda,MODERTRANS,16.888218,52.402351
207,4.317,18.516666666666666,TRAMWAJ,15,sroda,TATRA,16.875847,52.398963
208,-0.117,18.516666666666666,TRAMWAJ,3,sroda,MODERTRANS,16.875847,52.398963
209,-0.933,18.516666666666666,AUTOBUS,182,sroda,AUTOBUS,16.881051,52.395919
210,-0.217,18.516666666666666,AUTOBUS,163,sroda,AUTOBUS,16.873699,52.390093
211,0.5,18.53333333333333,AUTOBUS,175,sroda,AUTOBUS,16.880347,52.377517
212,1.017,18.53333333333333,AUTOBUS,149,sroda,AUTOBUS,16.88446,52.366992
213,-1.75,18.53333333333333,AUTOBUS,701,sroda,AUTOBUS,16.883999,52.357053
214,-1.6,18.55,AUTOBUS,180,sroda,AUTOBUS,16.855823,52.365354
215,2.667,18.55,AUTOBUS,710,sroda,AUTOBUS,16.864808,52.372946
216,1.383,18.55,AUTOBUS,180,sroda,AUTOBUS,16.843743,52.375823
217,-0.383,18.566666666666663,AUTOBUS,729,sroda,AUTOBUS,16.810022,52.401431
218,1.85,18.566666666666663,AUTOBUS,148,sroda,AUTOBUS,16.818992,52.411834
219,4.45,18.58333333333333,AUTOBUS,159,sroda,AUTOBUS,16.826067,52.413512
220,-0.017,18.58333333333333,AUTOBUS,177,sroda,AUTOBUS,16.850079,52.412439
221,4.633,18.58333333333333,AUTOBUS,191,sroda,AUTOBUS,16.867367,52.404626
222,-0.717,18.58333333333333,TRAMWAJ,6,sroda,SOLARIS,16.85783,52.392
223,-0.867,18.6,AUTOBUS,164,sroda,AUTOBUS,16.873699,52.390093
224,-1.417,18.6,TRAMWAJ,11,sroda,MODERTRANS,16.893565,52.390274
225,0.283,18.616666666666667,TRAMWAJ,8,sroda,KONSTAL,16.898504,52.393963
226,-1.583,18.616666666666667,TRAMWAJ,9,sroda,SOLARIS,16.907614,52.377785
227,1.467,18.616666666666667,AUTOBUS,171,sroda,AUTOBUS,16.914581,52.379848
228,-0.55,18.633333333333333,AUTOBUS,189,sroda,AUTOBUS,16.940793,52.359698
229,0.1,18.633333333333333,AUTOBUS,194,sroda,AUTOBUS,16.941197,52.348686
230,-0.75,18.633333333333333,AUTOBUS,194,sroda,AUTOBUS,16.919629,52.34646
231,0.6,18.65,AUTOBUS,158,sroda,AUTOBUS,16.922246,52.353577
232,3.15,18.65,AUTOBUS,162,sroda,AUTOBUS,17.00282,52.351859
233,2.433,18.666666666666668,AUTOBUS,152,sroda,AUTOBUS,16.964381,52.385456
234,-0.65,18.666666666666668,TRAMWAJ,13,sroda,SOLARIS,16.948669,52.393005
235,1.4,19.2,TRAMWAJ,5,sroda,MODERTRANS,16.943308,52.381063
236,-0.883,19.216666666666665,TRAMWAJ,7,sroda,MODERTRANS,16.943308,52.381063
237,-1.067,19.216666666666665,TRAMWAJ,9,sroda,SOLARIS,16.943308,52.381063
238,4.967,19.216666666666665,TRAMWAJ,9,sroda,SOLARIS,16.943308,52.381063
239,4.2,19.25,TRAMWAJ,13,sroda,SOLARIS,16.95426,52.3767
240,-1.05,19.25,TRAMWAJ,1,sroda,KONSTAL,16.95426,52.3767
241,0.567,19.25,AUTOBUS,162,sroda,AUTOBUS,16.964381,52.385456
242,1.867,19.266666666666666,AUTOBUS,190,sroda,AUTOBUS,16.975637,52.391256
243,3.383,19.266666666666666,TRAMWAJ,8,sroda,MODERTRANS,16.972263,52.409036
244,0.117,19.28333333333333,AUTOBUS,320,sroda,AUTOBUS,16.960266,52.416613
245,0.4,19.3,TRAMWAJ,17,sroda,MODERTRANS,16.937471,52.410749
246,-0.45,19.3,TRAMWAJ,7,sroda,MODERTRANS,16.947315,52.41003
247,0.2,19.3,AUTOBUS,160,sroda,AUTOBUS,16.928656,52.411689
248,2.033,22.933333333333334,TRAMWAJ,14,sroda,MODERTRANS,16.919463,52.427159
249,2.383,22.933333333333334,AUTOBUS,159,sroda,AUTOBUS,16.915074,52.403027
250,-3.583,22.95,AUTOBUS,218,sroda,AUTOBUS,16.911029,52.404002
251,0.567,22.95,AUTOBUS,163,sroda,AUTOBUS,16.928656,52.411689
252,0.45,22.95,TRAMWAJ,3,sroda,MODERTRANS,16.918006,52.415581
253,-0.083,22.966666666666665,TRAMWAJ,11,sroda,MODERTRANS,16.918006,52.415581
254,-0.533,22.966666666666665,TRAMWAJ,16,sroda,MODERTRANS,16.911029,52.404002
255,-0.617,22.966666666666665,TRAMWAJ,2,sroda,MODERTRANS,16.920521,52.401927
256,-1.483,22.98333333333333,TRAMWAJ,12,sroda,MODERTRANS,16.910257,52.401116
257,-0.133,22.98333333333333,TRAMWAJ,6,sroda,SOLARIS,16.899404,52.405227
258,-0.433,22.98333333333333,AUTOBUS,148,sroda,AUTOBUS,16.898751,52.408332
259,-0.467,23.0,AUTOBUS,182,sroda,AUTOBUS,16.890361,52.415741
260,0.733,23.0,AUTOBUS,177,sroda,AUTOBUS,16.874169,52.411718
261,-0.867,23.0,TRAMWAJ,15,sroda,SIEMENS,16.875847,52.398963
262,-0.5,23.016666666666666,TRAMWAJ,3,sroda,MODERTRANS,16.867547,52.396838
263,-1.15,23.016666666666666,TRAMWAJ,1,sroda,MODERTRANS,16.863298,52.395722
264,0.3,23.016666666666666,TRAMWAJ,6,sroda,SOLARIS,16.843904,52.386563
265,0.317,23.03333333333333,AUTOBUS,180,sroda,AUTOBUS,16.842657,52.370634
266,2.1,23.03333333333333,AUTOBUS,175,sroda,AUTOBUS,16.883999,52.357053
267,-0.183,23.05,TRAMWAJ,6,sroda,SOLARIS,16.969101,52.383283
268,-1.733,23.05,TRAMWAJ,7,sroda,MODERTRANS,16.982474,52.387665
269,1.067,23.05,AUTOBUS,184,sroda,AUTOBUS,16.996917,52.384492
270,3.35,23.066666666666663,TRAMWAJ,15,sroda,SOLARIS,17.000323,52.381434
271,-0.183,23.066666666666663,AUTOBUS,166,sroda,AUTOBUS,17.000323,52.381434
272,-0.767,23.066666666666663,TRAMWAJ,18,sroda,MODERTRANS,16.998237,52.382482
273,-0.017,23.08333333333333,TRAMWAJ,18,sroda,MODERTRANS,16.943308,52.381063
274,0.667,23.08333333333333,AUTOBUS,181,sroda,AUTOBUS,16.953054,52.391775
275,1.15,23.08333333333333,AUTOBUS,501,sroda,AUTOBUS,16.948822,52.396174
276,0.433,23.08333333333333,AUTOBUS,196,sroda,AUTOBUS,16.992408,52.34114
277,1.283,23.1,AUTOBUS,603,sroda,AUTOBUS,16.909902,52.369478
278,2.483,23.1,AUTOBUS,223,sroda,AUTOBUS,16.898504,52.393963
279,4.85,23.116666666666667,AUTOBUS,215,sroda,AUTOBUS,16.915074,52.403027
280,1.083,23.116666666666667,AUTOBUS,169,sroda,AUTOBUS,16.91309,52.4078
281,-0.35,23.116666666666667,TRAMWAJ,15,sroda,SOLARIS,16.919463,52.427159
282,-0.133,23.133333333333333,TRAMWAJ,14,sroda,MODERTRANS,16.919631,52.450773
283,3.5,23.133333333333333,AUTOBUS,905,sroda,AUTOBUS,16.917155,52.460396
284,-0.483,23.133333333333333,AUTOBUS,348,sroda,AUTOBUS,16.930503,52.464063
285,2.25,23.15,AUTOBUS,911,sroda,AUTOBUS,16.947968,52.463575
286,5.9,23.15,AUTOBUS,911,sroda,AUTOBUS,16.946522,52.444872
287,-1.283,23.166666666666668,TRAMWAJ,3,sroda,MODERTRANS,16.926833,52.424766
288,1.4,12.7,TRAMWAJ,14,czwartek,SOLARIS,16.91309,52.4078
289,0.133,12.7,TRAMWAJ,15,czwartek,SOLARIS,16.913743,52.410965
290,-1.167,12.716666666666669,TRAMWAJ,16,czwartek,MODERTRANS,16.913743,52.410965
291,0.183,12.716666666666669,TRAMWAJ,18,czwartek,MODERTRANS,16.913743,52.410965
292,-0.95,12.716666666666669,AUTOBUS,159,czwartek,AUTOBUS,16.898751,52.408332
293,0.817,12.716666666666669,TRAMWAJ,11,czwartek,MODERTRANS,16.91309,52.4078
294,-0.467,12.733333333333333,AUTOBUS,169,czwartek,AUTOBUS,16.91106,52.4065
295,-1.133,12.733333333333333,TRAMWAJ,12,czwartek,SOLARIS,16.91309,52.4078
296,-1.267,12.75,TRAMWAJ,8,czwartek,MODERTRANS,16.910257,52.401116
297,-1.817,12.75,AUTOBUS,164,czwartek,AUTOBUS,16.899404,52.405227
298,0.233,12.75,AUTOBUS,177,czwartek,AUTOBUS,16.91309,52.4078
299,2.683,12.766666666666667,AUTOBUS,163,czwartek,AUTOBUS,16.893578,52.409009
300,3.0,12.766666666666667,AUTOBUS,148,czwartek,AUTOBUS,16.877223,52.411898
301,0.083,12.766666666666667,TRAMWAJ,7,czwartek,MODERTRANS,16.888826,52.410052
302,1.767,12.783333333333331,AUTOBUS,164,czwartek,AUTOBUS,16.908354,52.420793
303,-0.733,12.783333333333331,AUTOBUS,177,czwartek,AUTOBUS,16.926793,52.415281
304,0.267,12.8,AUTOBUS,163,czwartek,AUTOBUS,16.92024,52.413122
305,0.983,12.8,AUTOBUS,176,czwartek,AUTOBUS,16.9343,52.39924
306,-0.5,12.816666666666666,AUTOBUS,190,czwartek,AUTOBUS,16.938316,52.408838
307,0.75,12.816666666666666,AUTOBUS,160,czwartek,AUTOBUS,16.928656,52.411689
308,0.75,12.816666666666666,TRAMWAJ,7,czwartek,MODERTRANS,16.947315,52.41003
309,2.25,12.833333333333334,TRAMWAJ,8,czwartek,MODERTRANS,16.981246,52.40932
310,0.35,12.833333333333334,AUTOBUS,157,czwartek,AUTOBUS,17.016073,52.410665
311,2.233,12.85,AUTOBUS,152,czwartek,AUTOBUS,17.014884,52.392694
312,2.7,12.85,AUTOBUS,166,czwartek,AUTOBUS,17.000323,52.381434
313,3.65,12.866666666666667,AUTOBUS,152,czwartek,AUTOBUS,16.992538,52.389876
314,0.183,12.966666666666669,TRAMWAJ,5,czwartek,MODERTRANS,16.943308,52.381063
315,3.517,12.983333333333333,TRAMWAJ,12,czwartek,SOLARIS,16.934527,52.370999
316,-0.083,12.983333333333333,TRAMWAJ,13,czwartek,SOLARIS,16.943308,52.381063
317,-0.333,13.1,AUTOBUS,166,czwartek,AUTOBUS,16.953054,52.391775
318,1.167,13.116666666666667,AUTOBUS,152,czwartek,AUTOBUS,16.964381,52.385456
319,-1.133,13.116666666666667,AUTOBUS,502,czwartek,AUTOBUS,16.948822,52.396174
320,3.317,13.116666666666667,AUTOBUS,174,czwartek,AUTOBUS,16.944506,52.397126
321,-1.167,13.133333333333333,TRAMWAJ,6,czwartek,MODERTRANS,16.9343,52.39924
322,1.317,13.133333333333333,TRAMWAJ,6,czwartek,SOLARIS,16.954178,52.40395
323,0.417,13.133333333333333,AUTOBUS,157,czwartek,AUTOBUS,16.954178,52.40395
324,-1.417,13.15,AUTOBUS,183,czwartek,AUTOBUS,16.955791,52.410089
325,3.05,13.15,AUTOBUS,185,czwartek,AUTOBUS,16.960266,52.416613
326,0.25,13.166666666666666,AUTOBUS,178,czwartek,AUTOBUS,16.965817,52.427779
327,-1.4,13.183333333333334,AUTOBUS,191,czwartek,AUTOBUS,16.928823,52.444255
328,-0.767,13.183333333333334,AUTOBUS,146,czwartek,AUTOBUS,16.919631,52.450773
329,-0.25,13.183333333333334,AUTOBUS,185,czwartek,AUTOBUS,16.914288,52.450679
330,1.233,13.2,AUTOBUS,193,czwartek,AUTOBUS,16.914059,52.446896
331,0.35,13.2,AUTOBUS,169,czwartek,AUTOBUS,16.904424,52.458153
332,2.617,13.216666666666669,AUTOBUS,178,czwartek,AUTOBUS,16.903239,52.452487
333,1.033,13.216666666666669,AUTOBUS,185,czwartek,AUTOBUS,16.904424,52.458153
334,0.483,13.216666666666669,AUTOBUS,190,czwartek,AUTOBUS,16.903703,52.463646
335,2.583,13.233333333333333,AUTOBUS,160,czwartek,AUTOBUS,16.877437,52.455996
336,0.283,13.233333333333333,AUTOBUS,146,czwartek,AUTOBUS,16.85501,52.455743
337,1.7,13.25,AUTOBUS,156,czwartek,AUTOBUS,16.830001,52.435385
338,-0.833,13.25,AUTOBUS,183,czwartek,AUTOBUS,16.900989,52.440864
339,-1.25,13.266666666666667,TRAMWAJ,11,czwartek,MODERTRANS,16.904966,52.426144
340,6.35,13.266666666666667,AUTOBUS,164,czwartek,AUTOBUS,16.884353,52.43224
341,0.167,13.266666666666667,AUTOBUS,164,czwartek,AUTOBUS,16.90061,52.42842
342,1.467,13.266666666666667,AUTOBUS,182,czwartek,AUTOBUS,16.90061,52.42842
343,0.1,13.283333333333331,AUTOBUS,182,czwartek,AUTOBUS,16.904966,52.426144
344,1.65,13.283333333333331,AUTOBUS,170,czwartek,AUTOBUS,16.874295,52.446883
345,0.383,13.3,AUTOBUS,169,czwartek,AUTOBUS,16.873699,52.390093
346,1.767,13.3,TRAMWAJ,8,czwartek,MODERTRANS,16.886762,52.384075
347,0.617,13.3,TRAMWAJ,11,czwartek,MODERTRANS,16.902762,52.387189
348,4.1,13.3,AUTOBUS,164,czwartek,AUTOBUS,16.894073,52.391876
349,2.567,13.316666666666666,AUTOBUS,179,czwartek,AUTOBUS,16.881134,52.388318
350,0.883,13.316666666666666,AUTOBUS,169,czwartek,AUTOBUS,16.873699,52.390093
351,2.7,13.333333333333334,TRAMWAJ,1,czwartek,TATRA,16.85783,52.392
352,5.567,13.333333333333334,TRAMWAJ,1,czwartek,MODERTRANS,16.849723,52.388546
353,1.383,13.333333333333334,TRAMWAJ,6,czwartek,SOLARIS,16.839054,52.385182
354,1.45,13.35,AUTOBUS,177,czwartek,AUTOBUS,16.808003,52.393138
355,0.233,13.35,AUTOBUS,177,czwartek,AUTOBUS,16.808003,52.393138
356,3.05,13.35,AUTOBUS,159,czwartek,AUTOBUS,16.837708,52.412946
357,2.417,13.35,TRAMWAJ,7,czwartek,KONSTAL,16.890361,52.415741
358,-0.617,13.366666666666667,TRAMWAJ,17,czwartek,KONSTAL,16.890361,52.415741
359,3.983,13.366666666666667,TRAMWAJ,2,czwartek,MODERTRANS,16.897202,52.414215
360,-0.567,13.366666666666667,TRAMWAJ,18,czwartek,MODERTRANS,16.903957,52.412236
361,0.617,13.383333333333333,TRAMWAJ,16,czwartek,MODERTRANS,16.91309,52.4078
362,-0.017,13.383333333333333,TRAMWAJ,14,czwartek,SOLARIS,16.913743,52.410965
363,-0.117,13.383333333333333,TRAMWAJ,11,czwartek,MODERTRANS,16.913743,52.410965
364,1.5,13.4,AUTOBUS,160,czwartek,AUTOBUS,16.919618,52.415195
365,2.267,13.4,AUTOBUS,169,czwartek,AUTOBUS,16.926793,52.415281
366,1.8,13.4,AUTOBUS,163,czwartek,AUTOBUS,16.937471,52.410749
367,0.65,13.4,AUTOBUS,176,czwartek,AUTOBUS,16.93882,52.41295
368,-1.0,13.416666666666666,AUTOBUS,190,czwartek,AUTOBUS,16.949033,52.423901
369,-1.683,13.416666666666666,AUTOBUS,167,czwartek,AUTOBUS,16.947994,52.426958
370,2.783,13.416666666666666,AUTOBUS,174,czwartek,AUTOBUS,16.939907,52.430008
371,2.567,13.433333333333334,TRAMWAJ,7,czwartek,MODERTRANS,16.929387,52.435741
372,-0.533,13.433333333333334,AUTOBUS,183,czwartek,AUTOBUS,16.929387,52.435741
373,-0.133,13.433333333333334,TRAMWAJ,10,czwartek,MODERTRANS,16.946522,52.444872
374,0.433,13.45,AUTOBUS,146,czwartek,AUTOBUS,16.947716,52.455453
375,-1.5,13.45,AUTOBUS,198,czwartek,AUTOBUS,16.941079,52.464188
376,2.983,13.466666666666669,TRAMWAJ,14,czwartek,SOLARIS,16.919631,52.450773
377,1.667,13.483333333333333,TRAMWAJ,16,czwartek,MODERTRANS,16.917155,52.460396
378,-1.567,13.483333333333333,AUTOBUS,185,czwartek,AUTOBUS,16.919631,52.450773
379,0.867,13.516666666666667,TRAMWAJ,12,czwartek,KONSTAL,16.920086,52.442506
380,-0.6,13.533333333333331,AUTOBUS,167,czwartek,AUTOBUS,16.946522,52.444872
381,1.583,13.533333333333331,TRAMWAJ,6,czwartek,SOLARIS,16.952099,52.3988
382,2.333,13.533333333333331,TRAMWAJ,7,czwartek,MODERTRANS,16.954178,52.40395
383,4.733,13.533333333333331,TRAMWAJ,8,czwartek,KONSTAL,16.955791,52.410089
384,0.517,13.55,TRAMWAJ,8,czwartek,MODERTRANS,16.955791,52.410089
385,-0.333,13.55,AUTOBUS,183,czwartek,AUTOBUS,16.958183,52.413647
386,1.067,13.55,TRAMWAJ,13,czwartek,SOLARIS,16.948822,52.396174
387,1.367,13.55,AUTOBUS,174,czwartek,AUTOBUS,16.948822,52.396174
388,4.733,13.566666666666666,AUTOBUS,184,czwartek,AUTOBUS,16.948822,52.396174
389,-0.133,13.566666666666666,TRAMWAJ,13,czwartek,SOLARIS,16.948822,52.396174
390,0.683,13.583333333333334,TRAMWAJ,5,czwartek,MODERTRANS,16.943308,52.381063
391,0.317,13.583333333333334,TRAMWAJ,18,czwartek,MODERTRANS,16.95426,52.3767
392,4.2,13.616666666666667,AUTOBUS,166,czwartek,AUTOBUS,16.964381,52.385456
393,2.567,13.616666666666667,AUTOBUS,181,czwartek,AUTOBUS,16.975637,52.391256
394,0.7,13.616666666666667,TRAMWAJ,18,czwartek,MODERTRANS,16.990825,52.382106
395,2.15,13.633333333333333,AUTOBUS,181,czwartek,AUTOBUS,16.992538,52.389876
396,8.05,13.633333333333333,AUTOBUS,162,czwartek,AUTOBUS,16.980609,52.355159
397,-0.05,13.65,TRAMWAJ,11,czwartek,MODERTRANS,16.943308,52.381063
398,1.383,13.65,TRAMWAJ,5,czwartek,MODERTRANS,16.948669,52.393005
399,-0.133,13.666666666666666,AUTOBUS,152,czwartek,AUTOBUS,16.953054,52.391775
400,-0.683,13.7,AUTOBUS,171,czwartek,AUTOBUS,16.914581,52.379848
401,-0.3,13.7,AUTOBUS,176,czwartek,AUTOBUS,16.916828,52.371993
402,-2.117,13.7,TRAMWAJ,2,czwartek,KONSTAL,16.907614,52.377785
403,0.967,13.7,TRAMWAJ,11,czwartek,MODERTRANS,16.914002,52.384641
404,1.467,13.716666666666669,TRAMWAJ,14,czwartek,SOLARIS,16.903157,52.398242
405,1.3,13.716666666666669,AUTOBUS,164,czwartek,AUTOBUS,16.886707,52.392884
406,1.983,13.716666666666669,AUTOBUS,182,czwartek,AUTOBUS,16.886707,52.392884
407,2.1,13.716666666666669,AUTOBUS,182,czwartek,AUTOBUS,16.87868,52.387605
408,-0.467,13.733333333333333,AUTOBUS,169,czwartek,AUTOBUS,16.873699,52.390093
409,-0.317,13.733333333333333,AUTOBUS,705,czwartek,AUTOBUS,16.864808,52.372946
410,-0.25,13.733333333333333,AUTOBUS,149,czwartek,AUTOBUS,16.877653,52.371148
411,1.183,13.733333333333333,AUTOBUS,611,czwartek,AUTOBUS,16.889079,52.361097
412,0.917,16.65,AUTOBUS,154,czwartek,AUTOBUS,16.963821,52.393351
413,2.583,16.65,AUTOBUS,190,czwartek,AUTOBUS,16.963821,52.393351
414,1.617,16.666666666666668,AUTOBUS,181,czwartek,AUTOBUS,16.966743,52.390395
415,9.883,16.666666666666668,AUTOBUS,196,czwartek,AUTOBUS,16.966743,52.390395
416,3.167,16.683333333333334,TRAMWAJ,13,czwartek,SOLARIS,16.943308,52.381063
417,2.567,16.7,TRAMWAJ,18,czwartek,MODERTRANS,16.948822,52.396174
418,2.267,16.7,TRAMWAJ,12,czwartek,SOLARIS,16.944506,52.397126
419,3.017,16.7,AUTOBUS,190,czwartek,AUTOBUS,16.944506,52.397126
420,0.4,16.716666666666665,AUTOBUS,176,czwartek,AUTOBUS,16.937687,52.406778
421,0.017,16.716666666666665,TRAMWAJ,16,czwartek,MODERTRANS,16.924422,52.406515
422,-0.217,16.733333333333334,TRAMWAJ,17,czwartek,MODERTRANS,16.913743,52.410965
423,0.95,16.733333333333334,TRAMWAJ,16,czwartek,MODERTRANS,16.91309,52.4078
424,4.5,16.733333333333334,AUTOBUS,163,czwartek,AUTOBUS,16.91309,52.4078
425,0.667,16.75,TRAMWAJ,3,czwartek,MODERTRANS,16.899404,52.405227
426,1.267,16.75,TRAMWAJ,12,czwartek,TATRA,16.915074,52.403027
427,-0.967,16.75,TRAMWAJ,14,czwartek,SOLARIS,16.903157,52.398242
428,1.2,16.75,TRAMWAJ,6,czwartek,SOLARIS,16.91106,52.4065
429,10.6,16.766666666666666,AUTOBUS,164,czwartek,AUTOBUS,16.899404,52.405227
430,1.867,16.766666666666666,TRAMWAJ,5,czwartek,MODERTRANS,16.903157,52.398242
431,1.983,16.766666666666666,TRAMWAJ,9,czwartek,SIEMENS,16.914002,52.384641
432,0.233,16.766666666666666,TRAMWAJ,1,czwartek,MODERTRANS,16.914002,52.384641
433,-0.533,16.783333333333335,TRAMWAJ,2,czwartek,MODERTRANS,16.916189,52.3871
434,-0.333,16.783333333333335,TRAMWAJ,10,czwartek,MODERTRANS,16.920521,52.401927
435,3.983,16.783333333333335,AUTOBUS,171,czwartek,AUTOBUS,16.918524,52.39835
436,3.017,16.8,AUTOBUS,167,czwartek,AUTOBUS,16.937471,52.410749
437,0.983,16.8,TRAMWAJ,6,czwartek,MODERTRANS,16.955791,52.410089
438,5.7,16.8,TRAMWAJ,6,czwartek,SOLARIS,16.955791,52.410089
439,-0.1,16.816666666666666,TRAMWAJ,8,czwartek,MODERTRANS,16.972263,52.409036
440,3.0,16.816666666666666,AUTOBUS,184,czwartek,AUTOBUS,16.972263,52.409036
441,4.117,16.816666666666666,AUTOBUS,152,czwartek,AUTOBUS,17.018207,52.390845
442,1.667,16.833333333333332,AUTOBUS,425,czwartek,AUTOBUS,17.018207,52.390845
443,-0.317,16.833333333333332,TRAMWAJ,1,czwartek,MODERTRANS,16.990825,52.382106
444,4.0,16.833333333333332,AUTOBUS,166,czwartek,AUTOBUS,16.982132,52.392106
445,2.75,16.85,AUTOBUS,511,czwartek,AUTOBUS,16.980609,52.355159
446,0.717,16.85,AUTOBUS,431,czwartek,AUTOBUS,16.996443,52.363388
447,6.467,16.85,AUTOBUS,196,czwartek,AUTOBUS,16.9997,52.357483
448,0.117,16.866666666666667,TRAMWAJ,14,czwartek,SIEMENS,16.91195,52.382432
449,-0.35,16.883333333333333,AUTOBUS,176,czwartek,AUTOBUS,16.90789,52.36886
450,1.283,16.883333333333333,AUTOBUS,175,czwartek,AUTOBUS,16.886744,52.35925
451,0.883,16.9,AUTOBUS,175,czwartek,AUTOBUS,16.883999,52.357053
452,5.25,16.9,AUTOBUS,616,czwartek,AUTOBUS,16.864808,52.372946
453,9.55,16.916666666666668,AUTOBUS,193,czwartek,AUTOBUS,16.86765,52.387277
454,19.733,16.916666666666668,AUTOBUS,193,czwartek,AUTOBUS,16.863298,52.395722
455,2.117,16.916666666666668,AUTOBUS,145,czwartek,AUTOBUS,16.865971,52.391129
456,4.05,16.916666666666668,TRAMWAJ,1,czwartek,MODERTRANS,16.85783,52.392
457,1.6,16.933333333333334,AUTOBUS,163,czwartek,AUTOBUS,16.865078,52.40145
458,-0.25,16.933333333333334,AUTOBUS,191,czwartek,AUTOBUS,16.874169,52.411718
459,0.967,16.933333333333334,AUTOBUS,177,czwartek,AUTOBUS,16.863559,52.412037
460,-0.717,16.95,AUTOBUS,812,czwartek,AUTOBUS,16.866804,52.423632
461,0.8,16.95,AUTOBUS,186,czwartek,AUTOBUS,16.87293,52.41866
462,12.35,16.966666666666665,AUTOBUS,160,czwartek,AUTOBUS,16.886347,52.448394
463,3.117,16.966666666666665,AUTOBUS,178,czwartek,AUTOBUS,16.893159,52.460893
464,0.1,16.983333333333334,TRAMWAJ,3,czwartek,MODERTRANS,16.882344,52.400624
465,0.7,16.983333333333334,AUTOBUS,145,czwartek,AUTOBUS,16.888218,52.402351
466,0.483,17.0,AUTOBUS,121,czwartek,AUTOBUS,16.876175,52.417645
467,2.683,17.0,TRAMWAJ,2,czwartek,KONSTAL,16.890361,52.415741
468,-1.067,17.0,TRAMWAJ,16,czwartek,MODERTRANS,16.913743,52.410965
469,0.567,17.0,TRAMWAJ,14,czwartek,KONSTAL,16.913743,52.410965
470,3.333,17.016666666666666,TRAMWAJ,16,czwartek,MODERTRANS,16.920086,52.442506
471,0.517,17.016666666666666,AUTOBUS,170,czwartek,AUTOBUS,16.920209,52.435948
472,0.383,17.016666666666666,TRAMWAJ,15,czwartek,SOLARIS,16.919463,52.427159
473,-1.717,17.033333333333335,AUTOBUS,146,czwartek,AUTOBUS,16.927678,52.451764
474,0.117,17.033333333333335,AUTOBUS,174,czwartek,AUTOBUS,16.927678,52.451764
475,1.867,17.05,AUTOBUS,169,czwartek,AUTOBUS,16.946522,52.444872
476,2.117,17.05,AUTOBUS,178,czwartek,AUTOBUS,16.965817,52.427779
477,5.1,17.05,TRAMWAJ,6,czwartek,SOLARIS,16.985344,52.409506
478,0.933,17.066666666666666,AUTOBUS,184,czwartek,AUTOBUS,16.983411,52.395771
479,-0.467,17.066666666666666,TRAMWAJ,18,czwartek,MODERTRANS,16.95426,52.3767
480,0.217,17.066666666666666,TRAMWAJ,18,czwartek,KONSTAL,16.948822,52.396174
481,-0.033,17.083333333333332,AUTOBUS,152,czwartek,AUTOBUS,16.948822,52.396174
482,2.433,17.083333333333332,AUTOBUS,174,czwartek,AUTOBUS,16.948822,52.396174
483,3.217,17.083333333333332,TRAMWAJ,13,czwartek,SOLARIS,16.948822,52.396174
484,1.95,17.083333333333332,TRAMWAJ,7,czwartek,MODERTRANS,16.948822,52.396174
485,1.783,17.1,AUTOBUS,196,czwartek,AUTOBUS,16.948822,52.396174
486,1.45,17.1,TRAMWAJ,6,czwartek,MODERTRANS,16.948822,52.396174
487,-2.083,17.1,TRAMWAJ,13,czwartek,SOLARIS,16.948822,52.396174
488,-0.867,17.1,TRAMWAJ,6,czwartek,MODERTRANS,16.948822,52.396174
489,-0.583,17.116666666666667,TRAMWAJ,12,czwartek,SOLARIS,16.948822,52.396174
490,1.65,17.116666666666667,TRAMWAJ,13,czwartek,SIEMENS,16.948822,52.396174
491,-1.2,17.133333333333333,AUTOBUS,169,czwartek,AUTOBUS,16.919032,52.411103
492,0.75,7.5,AUTOBUS,184,piatek,AUTOBUS,16.955791,52.410089
493,-0.317,7.5,TRAMWAJ,17,piatek,MODERTRANS,16.955791,52.410089
494,3.3,7.516666666666667,TRAMWAJ,6,piatek,MODERTRANS,16.981246,52.40932
495,-0.75,7.516666666666667,TRAMWAJ,6,piatek,MODERTRANS,16.913743,52.410965
496,0.05,7.533333333333333,TRAMWAJ,11,piatek,MODERTRANS,16.913743,52.410965
497,-0.317,7.533333333333333,TRAMWAJ,17,piatek,MODERTRANS,16.91927,52.40932
498,0.9,7.533333333333333,AUTOBUS,171,piatek,AUTOBUS,16.919032,52.411103
499,5.483,7.55,TRAMWAJ,6,piatek,MODERTRANS,16.915074,52.403027
500,2.117,7.55,TRAMWAJ,5,piatek,KONSTAL,16.910257,52.401116
501,0.083,7.55,TRAMWAJ,6,piatek,SOLARIS,16.911029,52.404002
502,0.967,7.55,TRAMWAJ,8,piatek,MODERTRANS,16.911029,52.404002
503,-0.1,7.566666666666666,TRAMWAJ,10,piatek,MODERTRANS,16.91309,52.4078
504,0.9,7.566666666666666,AUTOBUS,159,piatek,AUTOBUS,16.898751,52.408332
505,-0.267,7.566666666666666,TRAMWAJ,12,piatek,SOLARIS,16.92792,52.39997
506,2.1,7.583333333333333,TRAMWAJ,5,piatek,TATRA,16.944506,52.397126
507,0.033,7.583333333333333,TRAMWAJ,13,piatek,SOLARIS,16.948669,52.393005
508,13.433,7.583333333333333,AUTOBUS,431,piatek,AUTOBUS,16.948822,52.396174
509,0.717,7.6,AUTOBUS,166,piatek,AUTOBUS,16.948822,52.396174
510,2.617,7.6,TRAMWAJ,18,piatek,KONSTAL,16.948822,52.396174
511,0.15,7.6,TRAMWAJ,13,piatek,SOLARIS,16.948822,52.396174
512,5.017,7.616666666666667,AUTOBUS,166,piatek,AUTOBUS,16.964381,52.385456
513,-0.5,7.616666666666667,AUTOBUS,181,piatek,AUTOBUS,16.966743,52.390395
514,1.517,7.633333333333333,AUTOBUS,154,piatek,AUTOBUS,16.966743,52.390395
515,2.117,7.633333333333333,AUTOBUS,196,piatek,AUTOBUS,16.987942,52.368714
516,2.217,7.633333333333333,TRAMWAJ,1,piatek,KONSTAL,16.969101,52.383283
517,2.233,7.65,TRAMWAJ,7,piatek,MODERTRANS,16.943308,52.381063
518,2.983,7.65,TRAMWAJ,18,piatek,MODERTRANS,16.943308,52.381063
519,0.283,7.65,TRAMWAJ,12,piatek,KONSTAL,16.943308,52.381063
520,1.983,7.666666666666667,TRAMWAJ,6,piatek,MODERTRANS,16.915074,52.403027
521,-1.833,7.666666666666667,TRAMWAJ,18,piatek,MODERTRANS,16.920521,52.401927
522,0.5,7.683333333333334,TRAMWAJ,10,piatek,MODERTRANS,16.911029,52.404002
523,3.167,7.733333333333333,TRAMWAJ,3,piatek,MODERTRANS,16.91309,52.4078
524,-0.4,7.733333333333333,TRAMWAJ,14,piatek,SOLARIS,16.910257,52.401116
525,0.167,15.35,AUTOBUS,168,sroda,AUTOBUS,16.887136,52.452476
526,2.517,7.733333333333333,TRAMWAJ,15,piatek,SOLARIS,16.91106,52.4065
527,1.733,7.75,TRAMWAJ,6,piatek,MODERTRANS,16.915074,52.403027
528,2.25,7.75,TRAMWAJ,5,piatek,SOLARIS,16.92792,52.39997
529,1.4,7.75,TRAMWAJ,13,piatek,SOLARIS,16.948767,52.400586
530,1.467,7.75,TRAMWAJ,13,piatek,SOLARIS,16.948767,52.400586
531,0.467,7.766666666666667,AUTOBUS,196,piatek,AUTOBUS,16.953054,52.391775
532,-0.083,7.783333333333333,TRAMWAJ,7,piatek,MODERTRANS,16.943308,52.381063
533,0.283,7.783333333333333,TRAMWAJ,9,piatek,SIEMENS,16.921917,52.393879
534,-0.817,7.8,TRAMWAJ,10,piatek,MODERTRANS,16.911029,52.404002
535,0.8,7.8,TRAMWAJ,8,piatek,MODERTRANS,16.913743,52.410965
536,1.95,7.8,TRAMWAJ,17,piatek,KONSTAL,16.903957,52.412236
537,0.583,7.816666666666666,TRAMWAJ,14,piatek,SOLARIS,16.919463,52.427159
538,0.3,7.833333333333333,TRAMWAJ,3,piatek,MODERTRANS,16.913743,52.410965
539,2.083,7.833333333333333,TRAMWAJ,15,piatek,SOLARIS,16.899404,52.405227
540,-0.367,7.833333333333333,TRAMWAJ,6,piatek,SOLARIS,16.888218,52.402351
541,4.383,7.85,AUTOBUS,163,piatek,AUTOBUS,16.873699,52.390093
542,1.85,7.85,AUTOBUS,193,piatek,AUTOBUS,16.863298,52.395722
543,1.967,7.883333333333333,AUTOBUS,121,piatek,AUTOBUS,16.882463,52.417054
544,-0.233,7.9,TRAMWAJ,17,piatek,KONSTAL,16.890361,52.415741
545,4.567,7.9,AUTOBUS,191,piatek,AUTOBUS,16.890361,52.415741
546,1.4,7.9,AUTOBUS,182,piatek,AUTOBUS,16.894864,52.421349
547,-0.467,7.916666666666667,TRAMWAJ,2,piatek,MODERTRANS,16.897202,52.414215
548,0.95,7.916666666666667,TRAMWAJ,10,piatek,MODERTRANS,16.91309,52.4078
549,3.25,7.916666666666667,AUTOBUS,174,piatek,AUTOBUS,16.923256,52.460034
550,4.133,7.933333333333334,AUTOBUS,905,piatek,AUTOBUS,16.917155,52.460396
551,4.083,7.95,AUTOBUS,907,piatek,AUTOBUS,16.897834,52.461262
552,2.433,7.95,AUTOBUS,146,piatek,AUTOBUS,16.897834,52.461262
553,1.1,7.95,AUTOBUS,164,piatek,AUTOBUS,16.874295,52.446883
554,1.8,7.966666666666667,AUTOBUS,170,piatek,AUTOBUS,16.874295,52.446883
555,4.4,7.966666666666667,AUTOBUS,156,piatek,AUTOBUS,16.882463,52.417054
556,2.25,7.966666666666667,AUTOBUS,191,piatek,AUTOBUS,16.908354,52.420793
557,-1.183,7.983333333333333,AUTOBUS,196,piatek,AUTOBUS,16.987942,52.368714
558,1.467,7.983333333333333,AUTOBUS,154,piatek,AUTOBUS,16.994527,52.37133
559,-0.6,8.0,AUTOBUS,179,piatek,AUTOBUS,16.895685,52.367396
560,1.667,8.016666666666667,AUTOBUS,173,piatek,AUTOBUS,16.988485,52.423689
561,2.4,8.016666666666667,AUTOBUS,183,piatek,AUTOBUS,16.965817,52.427779
562,0.0,8.016666666666667,TRAMWAJ,8,piatek,MODERTRANS,16.955791,52.410089
563,0.5,8.016666666666667,TRAMWAJ,7,piatek,MODERTRANS,16.947315,52.41003
564,2.0,8.033333333333333,AUTOBUS,174,piatek,AUTOBUS,16.937471,52.410749
565,-1.133,8.033333333333333,AUTOBUS,190,piatek,AUTOBUS,16.938316,52.408838
566,-0.15,8.033333333333333,TRAMWAJ,13,piatek,SOLARIS,16.932135,52.405568
567,-0.617,8.033333333333333,TRAMWAJ,6,piatek,SOLARIS,16.9343,52.39924
568,1.367,8.05,TRAMWAJ,18,piatek,MODERTRANS,16.920521,52.401927
569,1.117,8.05,TRAMWAJ,2,piatek,MODERTRANS,16.921917,52.393879
570,2.283,8.05,TRAMWAJ,9,piatek,SIEMENS,16.918239,52.389301
571,-0.083,8.066666666666666,TRAMWAJ,10,piatek,MODERTRANS,16.918239,52.389301
572,0.217,8.066666666666666,TRAMWAJ,11,piatek,MODERTRANS,16.914002,52.384641
573,-0.617,8.066666666666666,TRAMWAJ,10,piatek,MODERTRANS,16.907614,52.377785
574,2.483,8.066666666666666,AUTOBUS,176,piatek,AUTOBUS,16.914581,52.379848
575,6.45,8.083333333333334,AUTOBUS,176,piatek,AUTOBUS,16.916828,52.371993
576,-0.15,8.083333333333334,TRAMWAJ,13,piatek,SOLARIS,16.943308,52.381063
577,3.283,8.083333333333334,TRAMWAJ,1,piatek,MODERTRANS,16.943308,52.381063
578,1.667,8.1,AUTOBUS,152,piatek,AUTOBUS,16.948822,52.396174
579,1.633,8.1,TRAMWAJ,13,piatek,SIEMENS,16.948767,52.400586
580,-0.067,8.1,AUTOBUS,184,piatek,AUTOBUS,16.954178,52.40395
581,0.017,8.116666666666667,TRAMWAJ,6,piatek,KONSTAL,16.955791,52.410089
582,-0.55,17.85,TRAMWAJ,15,sobota,SOLARIS,16.913743,52.410965
583,-0.733,17.85,TRAMWAJ,7,sobota,MODERTRANS,16.91927,52.40932
584,1.967,17.866666666666667,TRAMWAJ,3,sobota,MODERTRANS,16.888218,52.402351
585,0.85,17.866666666666667,AUTOBUS,191,sobota,AUTOBUS,16.863298,52.395722
586,1.1,17.866666666666667,TRAMWAJ,3,sobota,MODERTRANS,16.854346,52.390137
587,1.25,17.883333333333333,AUTOBUS,149,sobota,AUTOBUS,16.877653,52.371148
588,10.8,17.883333333333333,AUTOBUS,179,sobota,AUTOBUS,16.895685,52.367396
589,0.25,17.883333333333333,AUTOBUS,176,sobota,AUTOBUS,16.914581,52.379848
590,0.283,17.9,TRAMWAJ,9,sobota,SIEMENS,16.921917,52.393879
591,-0.483,17.9,TRAMWAJ,16,sobota,MODERTRANS,16.91919,52.40722
592,3.717,17.9,AUTOBUS,169,sobota,AUTOBUS,16.926793,52.415281
593,0.15,21.05,AUTOBUS,168,piatek,AUTOBUS,16.882457,52.455283
594,0.583,17.916666666666668,AUTOBUS,170,sobota,AUTOBUS,16.903289,52.435666
595,-0.883,17.916666666666668,AUTOBUS,178,sobota,AUTOBUS,16.903239,52.452487
596,0.483,17.933333333333334,TRAMWAJ,15,sobota,MODERTRANS,16.919631,52.450773
597,3.867,17.933333333333334,AUTOBUS,185,sobota,AUTOBUS,16.978579,52.426785
598,0.283,17.933333333333334,TRAMWAJ,8,sobota,MODERTRANS,16.972263,52.409036
599,1.867,17.95,AUTOBUS,167,sobota,AUTOBUS,16.955791,52.410089
600,0.633,17.966666666666665,TRAMWAJ,17,sobota,MODERTRANS,16.937471,52.410749
601,1.183,17.966666666666665,AUTOBUS,174,sobota,AUTOBUS,16.937471,52.410749
602,-2.95,17.966666666666665,AUTOBUS,171,sobota,AUTOBUS,16.922921,52.421382
603,-1.317,17.966666666666665,TRAMWAJ,16,sobota,MODERTRANS,16.913743,52.410965
604,0.433,17.983333333333334,AUTOBUS,164,sobota,AUTOBUS,16.909211,52.424272
605,1.483,17.983333333333334,TRAMWAJ,2,sobota,MODERTRANS,16.897202,52.414215
606,-0.15,17.983333333333334,TRAMWAJ,17,sobota,MODERTRANS,16.897202,52.414215
607,1.533,17.983333333333334,TRAMWAJ,1,sobota,TATRA,16.982474,52.387665
608,2.733,18.0,TRAMWAJ,18,sobota,MODERTRANS,16.965921,52.380703
609,0.017,18.0,TRAMWAJ,12,sobota,SOLARIS,16.943308,52.381063
610,-1.083,18.016666666666666,TRAMWAJ,2,sobota,MODERTRANS,16.916189,52.3871
611,1.767,18.016666666666666,AUTOBUS,145,sobota,AUTOBUS,16.894167,52.399189
612,-0.933,18.016666666666666,AUTOBUS,154,sobota,AUTOBUS,17.009382,52.36459
613,0.617,18.03333333333333,AUTOBUS,162,sobota,AUTOBUS,16.996443,52.363388
614,8.55,18.03333333333333,AUTOBUS,190,sobota,AUTOBUS,16.969072,52.385272
615,0.067,18.03333333333333,AUTOBUS,152,sobota,AUTOBUS,16.999518,52.391994
616,-0.65,18.05,AUTOBUS,157,sobota,AUTOBUS,16.999518,52.391994
617,0.583,19.516666666666666,AUTOBUS,183,sobota,AUTOBUS,16.961765,52.420035
618,2.617,19.516666666666666,AUTOBUS,190,sobota,AUTOBUS,16.949033,52.423901
619,0.917,19.53333333333333,TRAMWAJ,17,sobota,MODERTRANS,16.937471,52.410749
620,0.533,19.53333333333333,TRAMWAJ,9,sobota,SIEMENS,16.924568,52.396509
621,-1.317,19.53333333333333,TRAMWAJ,10,sobota,MODERTRANS,16.916189,52.3871
622,-0.917,19.55,TRAMWAJ,13,sobota,SIEMENS,16.934527,52.370999
623,1.6,19.566666666666663,AUTOBUS,162,sobota,AUTOBUS,16.966743,52.390395
624,2.817,19.566666666666663,AUTOBUS,190,sobota,AUTOBUS,16.969072,52.385272
625,-0.35,19.566666666666663,TRAMWAJ,6,sobota,SOLARIS,16.948822,52.396174
626,-0.417,19.58333333333333,TRAMWAJ,16,sobota,MODERTRANS,16.91309,52.4078
627,-0.483,19.58333333333333,TRAMWAJ,14,sobota,SOLARIS,16.913743,52.410965
628,2.533,19.58333333333333,AUTOBUS,164,sobota,AUTOBUS,16.90584,52.416207
629,5.833,19.6,AUTOBUS,185,sobota,AUTOBUS,16.970053,52.420819
630,-0.267,19.616666666666667,AUTOBUS,178,sobota,AUTOBUS,16.965817,52.427779
631,0.917,19.633333333333333,AUTOBUS,173,sobota,AUTOBUS,17.01129,52.430205
632,0.283,19.65,AUTOBUS,158,sobota,AUTOBUS,16.932793,52.332256
633,0.45,19.666666666666668,AUTOBUS,194,sobota,AUTOBUS,16.927503,52.345023
634,6.65,19.666666666666668,AUTOBUS,179,sobota,AUTOBUS,16.897665,52.380888
635,-0.383,19.683333333333334,AUTOBUS,156,sobota,AUTOBUS,16.838404,52.431521
636,0.233,19.7,AUTOBUS,177,sobota,AUTOBUS,16.830621,52.412036
637,1.917,19.7,AUTOBUS,182,sobota,AUTOBUS,16.881134,52.388318
638,0.517,19.716666666666665,TRAMWAJ,15,sobota,MODERTRANS,16.919631,52.450773
639,1.367,19.73333333333333,TRAMWAJ,10,sobota,MODERTRANS,16.922921,52.421382
640,0.367,19.73333333333333,TRAMWAJ,8,sobota,MODERTRANS,16.937471,52.410749
641,2.467,19.75,AUTOBUS,181,sobota,AUTOBUS,16.953054,52.391775
642,-0.817,19.766666666666666,AUTOBUS,196,sobota,AUTOBUS,16.964381,52.385456
643,1.2,19.8,TRAMWAJ,7,sobota,MODERTRANS,16.948822,52.396174
644,1.25,19.816666666666663,TRAMWAJ,1,sobota,TATRA,16.943308,52.381063
645,1.233,19.816666666666663,TRAMWAJ,14,sobota,SOLARIS,16.903157,52.398242
646,0.783,19.83333333333333,AUTOBUS,159,sobota,AUTOBUS,16.893578,52.409009
647,3.933,19.85,AUTOBUS,160,sobota,AUTOBUS,16.908354,52.420793
648,1.0,19.85,AUTOBUS,183,sobota,AUTOBUS,16.929387,52.435741
649,0.633,19.933333333333334,AUTOBUS,173,sobota,AUTOBUS,16.965777,52.419453
650,-1.433,16.916666666666668,TRAMWAJ,16,niedziela,MODERTRANS,16.919463,52.427159
651,1.467,16.933333333333334,TRAMWAJ,2,niedziela,MODERTRANS,16.903353,52.408954
652,0.0,16.933333333333334,AUTOBUS,154,niedziela,AUTOBUS,16.987942,52.368714
653,-1.033,17.05,TRAMWAJ,6,niedziela,SOLARIS,16.972263,52.409036
654,1.367,17.05,AUTOBUS,173,niedziela,AUTOBUS,16.965777,52.419453
655,-1.25,17.066666666666666,AUTOBUS,167,niedziela,AUTOBUS,16.955791,52.410089
656,2.95,17.066666666666666,TRAMWAJ,11,niedziela,MODERTRANS,16.918006,52.415581
657,0.167,17.066666666666666,TRAMWAJ,15,niedziela,SOLARIS,16.91106,52.4065
658,-0.467,17.083333333333332,AUTOBUS,164,niedziela,AUTOBUS,16.896989,52.394979
659,-0.317,17.083333333333332,AUTOBUS,179,niedziela,AUTOBUS,16.897665,52.380888
660,-0.6,17.083333333333332,AUTOBUS,158,niedziela,AUTOBUS,16.918658,52.341694
661,0.05,17.1,TRAMWAJ,1,niedziela,MODERTRANS,16.943308,52.381063
662,-0.517,17.133333333333333,AUTOBUS,164,niedziela,AUTOBUS,16.874477,52.445306
663,0.717,17.133333333333333,AUTOBUS,729,niedziela,AUTOBUS,16.874169,52.411718
664,-0.45,17.133333333333333,AUTOBUS,182,niedziela,AUTOBUS,16.877223,52.411898
665,1.483,17.133333333333333,AUTOBUS,156,niedziela,AUTOBUS,16.87293,52.41866
666,0.867,17.15,TRAMWAJ,1,niedziela,MODERTRANS,16.888218,52.402351
667,-0.067,17.15,AUTOBUS,149,niedziela,AUTOBUS,16.864808,52.372946
668,0.583,17.166666666666668,AUTOBUS,171,niedziela,AUTOBUS,16.90789,52.36886
669,2.3,17.166666666666668,AUTOBUS,176,niedziela,AUTOBUS,16.918128,52.384071
670,0.733,17.166666666666668,TRAMWAJ,6,niedziela,SOLARIS,16.955791,52.410089
671,0.483,17.166666666666668,AUTOBUS,184,niedziela,AUTOBUS,16.983411,52.395771
672,-1.117,17.183333333333334,TRAMWAJ,18,niedziela,MODERTRANS,16.943308,52.381063
673,-0.917,17.183333333333334,TRAMWAJ,9,niedziela,SIEMENS,16.92792,52.39997
674,-1.4,17.183333333333334,TRAMWAJ,2,niedziela,MODERTRANS,16.91309,52.4078
675,1.117,17.2,TRAMWAJ,15,niedziela,SOLARIS,16.919463,52.427159
676,-0.05,17.2,AUTOBUS,173,niedziela,AUTOBUS,16.976465,52.422787
677,-1.05,17.216666666666665,TRAMWAJ,6,niedziela,SOLARIS,17.002901,52.40961
678,-0.25,17.216666666666665,AUTOBUS,157,niedziela,AUTOBUS,17.024729,52.408808
679,0.05,17.216666666666665,AUTOBUS,196,niedziela,AUTOBUS,16.999656,52.339978
680,-0.583,17.216666666666665,AUTOBUS,152,niedziela,AUTOBUS,16.973445,52.381907
681,1.733,17.233333333333334,TRAMWAJ,5,niedziela,MODERTRANS,16.948822,52.396174
682,-0.15,17.233333333333334,AUTOBUS,158,niedziela,AUTOBUS,16.964843,52.313984
683,-1.15,17.25,TRAMWAJ,14,niedziela,MODERTRANS,16.913743,52.410965
684,2.867,17.25,AUTOBUS,164,niedziela,AUTOBUS,16.908354,52.420793
685,-0.75,17.25,TRAMWAJ,7,niedziela,MODERTRANS,16.913743,52.410965
686,1.25,17.266666666666666,TRAMWAJ,12,niedziela,SOLARIS,16.920521,52.401927
687,2.317,17.266666666666666,TRAMWAJ,8,niedziela,MODERTRANS,16.910257,52.401116
688,3.217,13.25,AUTOBUS,163,poniedzialek,AUTOBUS,16.863298,52.395722
689,-0.2,13.25,TRAMWAJ,15,poniedzialek,SOLARIS,16.867547,52.396838
690,4.2,13.25,TRAMWAJ,1,poniedzialek,TATRA,16.863298,52.395722
691,1.033,13.25,AUTOBUS,169,poniedzialek,AUTOBUS,16.878991,52.393275
692,9.25,13.25,AUTOBUS,164,poniedzialek,AUTOBUS,16.873699,52.390093
693,-0.1,15.35,TRAMWAJ,10,wtorek,MODERTRANS,16.911029,52.404002
694,2.367,15.366666666666667,TRAMWAJ,8,wtorek,MODERTRANS,16.903157,52.398242
695,1.85,15.366666666666667,AUTOBUS,145,wtorek,AUTOBUS,16.903157,52.398242
696,1.533,15.366666666666667,AUTOBUS,164,wtorek,AUTOBUS,16.899622,52.402138
697,3.017,15.383333333333333,AUTOBUS,164,wtorek,AUTOBUS,16.899404,52.405227
698,3.517,15.383333333333333,AUTOBUS,148,wtorek,AUTOBUS,16.893578,52.409009
699,1.9,15.383333333333333,AUTOBUS,145,wtorek,AUTOBUS,16.883237,52.404689
700,2.15,15.4,AUTOBUS,193,wtorek,AUTOBUS,16.877223,52.411898
701,-0.75,15.4,AUTOBUS,121,wtorek,AUTOBUS,16.882463,52.417054
702,-0.067,15.4,TRAMWAJ,2,wtorek,MODERTRANS,16.890361,52.415741
703,2.983,15.416666666666666,AUTOBUS,148,wtorek,AUTOBUS,16.885852,52.410073
704,1.6,15.416666666666666,TRAMWAJ,8,wtorek,MODERTRANS,16.91309,52.4078
705,0.4,15.416666666666666,TRAMWAJ,15,wtorek,MODERTRANS,16.913743,52.410965
706,1.0,15.416666666666666,TRAMWAJ,17,wtorek,KONSTAL,16.913743,52.410965
707,0.033,19.1,AUTOBUS,168,piatek,AUTOBUS,16.91919,52.40722
708,0.75,15.433333333333334,AUTOBUS,160,wtorek,AUTOBUS,16.919618,52.415195
709,-2.283,15.45,AUTOBUS,174,wtorek,AUTOBUS,16.9343,52.39924
710,-0.35,15.45,TRAMWAJ,7,wtorek,MODERTRANS,16.952099,52.3988
711,1.7,15.466666666666669,AUTOBUS,178,wtorek,AUTOBUS,16.961765,52.420035
712,0.667,15.466666666666669,AUTOBUS,185,wtorek,AUTOBUS,16.976465,52.422787
713,4.45,15.466666666666669,AUTOBUS,185,wtorek,AUTOBUS,16.978579,52.426785
714,1.083,15.466666666666669,AUTOBUS,173,wtorek,AUTOBUS,16.988485,52.423689
715,-0.6,15.483333333333333,AUTOBUS,173,wtorek,AUTOBUS,16.983166,52.423054
716,-0.217,15.483333333333333,AUTOBUS,166,wtorek,AUTOBUS,17.024729,52.408808
717,0.0,15.483333333333333,AUTOBUS,156,wtorek,AUTOBUS,16.854481,52.427718
718,2.5,15.5,AUTOBUS,821,wtorek,AUTOBUS,16.859911,52.426262
719,1.95,15.5,AUTOBUS,186,wtorek,AUTOBUS,16.87293,52.41866
720,2.8,15.516666666666667,AUTOBUS,156,wtorek,AUTOBUS,16.808997,52.436424
721,0.567,15.516666666666667,AUTOBUS,177,wtorek,AUTOBUS,16.826,52.385323
722,-0.25,15.533333333333331,AUTOBUS,145,wtorek,AUTOBUS,16.863298,52.395722
723,0.3,15.533333333333331,TRAMWAJ,1,wtorek,TATRA,16.875847,52.398963
724,0.85,15.533333333333331,TRAMWAJ,3,wtorek,MODERTRANS,16.867547,52.396838
725,3.467,15.533333333333331,AUTOBUS,169,wtorek,AUTOBUS,16.898751,52.408332
726,0.333,15.566666666666666,TRAMWAJ,15,wtorek,MODERTRANS,16.913743,52.410965
727,0.333,15.566666666666666,TRAMWAJ,12,wtorek,MODERTRANS,16.919463,52.427159
728,0.133,15.566666666666666,TRAMWAJ,16,wtorek,MODERTRANS,16.920086,52.442506
729,5.533,15.583333333333334,AUTOBUS,174,wtorek,AUTOBUS,16.917155,52.460396
730,-0.183,15.583333333333334,AUTOBUS,191,wtorek,AUTOBUS,16.923256,52.460034
731,3.983,15.6,AUTOBUS,188,wtorek,AUTOBUS,16.917155,52.460396
732,-0.567,15.65,AUTOBUS,198,wtorek,AUTOBUS,16.930503,52.464063
733,1.683,15.95,AUTOBUS,159,wtorek,AUTOBUS,16.863559,52.412037
734,-0.217,15.95,AUTOBUS,173,wtorek,AUTOBUS,16.983166,52.423054
735,4.833,15.95,AUTOBUS,173,wtorek,AUTOBUS,16.970053,52.420819
736,0.933,15.95,AUTOBUS,162,wtorek,AUTOBUS,16.996443,52.363388
737,1.2,15.95,AUTOBUS,189,wtorek,AUTOBUS,16.948214,52.367639
738,0.1,15.95,AUTOBUS,189,wtorek,AUTOBUS,16.942975,52.354954
739,-0.7,15.95,AUTOBUS,194,wtorek,AUTOBUS,16.948112,52.354312
740,1.3,15.95,AUTOBUS,194,wtorek,AUTOBUS,16.941197,52.348686
741,-0.383,15.95,AUTOBUS,158,wtorek,AUTOBUS,16.921216,52.339002
742,1.517,15.95,AUTOBUS,158,wtorek,AUTOBUS,16.921216,52.339002
743,0.967,15.966666666666669,TRAMWAJ,13,wtorek,SOLARIS,16.932135,52.405568
744,0.867,15.966666666666669,AUTOBUS,156,wtorek,AUTOBUS,16.838404,52.431521
745,-0.333,16.016666666666666,AUTOBUS,121,wtorek,AUTOBUS,16.876175,52.417645
746,1.5,16.016666666666666,AUTOBUS,186,wtorek,AUTOBUS,16.866804,52.423632
747,2.233,16.016666666666666,AUTOBUS,186,wtorek,AUTOBUS,16.882463,52.417054
748,0.033,16.066666666666666,TRAMWAJ,16,wtorek,MODERTRANS,16.920086,52.442506
749,1.883,16.116666666666667,AUTOBUS,180,wtorek,AUTOBUS,16.836547,52.361515
750,1.167,16.116666666666667,AUTOBUS,186,wtorek,AUTOBUS,16.838404,52.431521
751,0.333,16.116666666666667,AUTOBUS,186,wtorek,AUTOBUS,16.801082,52.453997
752,0.117,16.116666666666667,AUTOBUS,188,wtorek,AUTOBUS,16.914698,52.488636
753,2.817,16.133333333333333,AUTOBUS,902,wtorek,AUTOBUS,16.91797,52.462705
754,-0.367,19.08333333333333,TRAMWAJ,17,piatek,MODERTRANS,16.91927,52.40932
755,0.45,19.08333333333333,TRAMWAJ,3,piatek,MODERTRANS,16.913743,52.410965
756,0.6,19.08333333333333,TRAMWAJ,12,piatek,MODERTRANS,16.913743,52.410965
757,-0.533,15.433333333333334,AUTOBUS,168,wtorek,AUTOBUS,16.926793,52.415281
758,0.017,19.08333333333333,AUTOBUS,164,piatek,AUTOBUS,16.909211,52.424272
759,2.167,19.08333333333333,AUTOBUS,164,piatek,AUTOBUS,16.904966,52.426144
760,1.067,19.08333333333333,AUTOBUS,193,piatek,AUTOBUS,16.902339,52.430466
761,-0.783,19.08333333333333,AUTOBUS,170,piatek,AUTOBUS,16.899182,52.432844
762,-0.333,19.1,TRAMWAJ,15,piatek,SOLARIS,16.920209,52.435948
763,-0.167,19.1,TRAMWAJ,12,piatek,KONSTAL,16.919631,52.450773
764,2.867,19.1,AUTOBUS,169,piatek,AUTOBUS,16.946522,52.444872
765,0.8,19.1,AUTOBUS,182,piatek,AUTOBUS,16.939253,52.43562
766,1.033,19.1,AUTOBUS,183,piatek,AUTOBUS,16.929387,52.435741
767,3.217,19.1,AUTOBUS,174,piatek,AUTOBUS,16.937471,52.410749
768,0.517,19.1,TRAMWAJ,8,piatek,MODERTRANS,16.937471,52.410749
769,0.3,19.1,TRAMWAJ,7,piatek,MODERTRANS,16.947315,52.41003
770,-0.583,17.9,AUTOBUS,168,sobota,AUTOBUS,16.919463,52.427159
771,1.45,19.116666666666667,TRAMWAJ,11,piatek,MODERTRANS,16.911029,52.404002
772,-0.45,19.116666666666667,TRAMWAJ,14,piatek,MODERTRANS,16.898504,52.393963
773,0.217,19.116666666666667,TRAMWAJ,14,piatek,MODERTRANS,16.898504,52.393963
774,2.417,19.116666666666667,TRAMWAJ,14,piatek,SOLARIS,16.891368,52.387588
775,3.5,19.116666666666667,TRAMWAJ,15,piatek,KONSTAL,16.893565,52.390274
776,1.6,19.116666666666667,TRAMWAJ,8,piatek,MODERTRANS,16.886762,52.384075
777,-0.15,19.116666666666667,AUTOBUS,182,piatek,AUTOBUS,16.881134,52.388318
778,6.0,19.116666666666667,AUTOBUS,164,piatek,AUTOBUS,16.873699,52.390093
779,2.15,19.116666666666667,TRAMWAJ,1,piatek,TATRA,16.867547,52.396838
780,-0.433,19.116666666666667,AUTOBUS,145,piatek,AUTOBUS,16.863298,52.395722
781,0.417,19.133333333333333,TRAMWAJ,12,piatek,SIEMENS,16.948822,52.396174
782,5.967,19.133333333333333,TRAMWAJ,13,piatek,SOLARIS,16.948669,52.393005
783,9.167,19.133333333333333,TRAMWAJ,15,piatek,KONSTAL,16.948669,52.393005
784,-4.633,19.133333333333333,TRAMWAJ,10,piatek,MODERTRANS,16.948669,52.393005
785,4.733,19.133333333333333,TRAMWAJ,6,piatek,MODERTRANS,16.948669,52.393005
786,5.7,19.133333333333333,TRAMWAJ,7,piatek,MODERTRANS,16.948822,52.396174
787,4.917,19.133333333333333,AUTOBUS,152,piatek,AUTOBUS,16.948822,52.396174
788,4.367,19.133333333333333,TRAMWAJ,12,piatek,KONSTAL,16.948822,52.396174
789,2.65,19.133333333333333,TRAMWAJ,13,piatek,SOLARIS,16.948822,52.396174
790,-0.367,19.133333333333333,TRAMWAJ,12,piatek,SOLARIS,16.948822,52.396174
791,0.133,19.133333333333333,AUTOBUS,162,piatek,AUTOBUS,16.948822,52.396174
792,2.133,19.133333333333333,TRAMWAJ,7,piatek,MODERTRANS,16.948822,52.396174
793,1.133,19.133333333333333,TRAMWAJ,13,piatek,SIEMENS,16.948767,52.400586
794,-0.733,19.133333333333333,TRAMWAJ,6,piatek,SOLARIS,16.955791,52.410089
795,1.733,19.133333333333333,TRAMWAJ,16,piatek,MODERTRANS,16.958183,52.413647
796,4.1,19.133333333333333,AUTOBUS,178,piatek,AUTOBUS,16.961765,52.420035
797,1.65,19.133333333333333,AUTOBUS,185,piatek,AUTOBUS,16.976465,52.422787
798,1.967,19.133333333333333,AUTOBUS,173,piatek,AUTOBUS,16.988485,52.423689
799,0.15,19.15,AUTOBUS,435,piatek,AUTOBUS,16.987942,52.368714
800,1.767,19.15,AUTOBUS,152,piatek,AUTOBUS,16.964381,52.385456
801,0.45,19.15,AUTOBUS,154,piatek,AUTOBUS,16.948822,52.396174
802,1.317,19.15,TRAMWAJ,18,piatek,MODERTRANS,16.948822,52.396174
803,0.2,19.15,AUTOBUS,154,piatek,AUTOBUS,16.948822,52.396174
804,2.35,19.15,TRAMWAJ,1,piatek,MODERTRANS,16.943308,52.381063
805,2.433,19.166666666666668,AUTOBUS,512,piatek,AUTOBUS,16.979466,52.361105
806,0.583,19.166666666666668,AUTOBUS,196,piatek,AUTOBUS,16.981668,52.351281
807,0.267,19.166666666666668,TRAMWAJ,3,piatek,MODERTRANS,16.888218,52.402351
808,1.1,19.166666666666668,TRAMWAJ,3,piatek,MODERTRANS,16.875847,52.398963
809,1.067,19.166666666666668,AUTOBUS,182,piatek,AUTOBUS,16.875477,52.408142
810,0.6,19.166666666666668,AUTOBUS,182,piatek,AUTOBUS,16.877223,52.411898
811,0.217,19.166666666666668,AUTOBUS,156,piatek,AUTOBUS,16.882463,52.417054
812,-0.75,19.166666666666668,AUTOBUS,170,piatek,AUTOBUS,16.884353,52.43224
813,2.117,19.166666666666668,AUTOBUS,164,piatek,AUTOBUS,16.884353,52.43224
814,1.317,19.166666666666668,AUTOBUS,837,piatek,AUTOBUS,16.857014,52.446168
815,4.35,19.183333333333334,AUTOBUS,167,piatek,AUTOBUS,16.942624,52.486802
816,0.883,19.183333333333334,AUTOBUS,193,piatek,AUTOBUS,16.903703,52.463646
817,0.483,19.183333333333334,AUTOBUS,178,piatek,AUTOBUS,16.897925,52.456591
818,3.867,19.183333333333334,AUTOBUS,185,piatek,AUTOBUS,16.917155,52.460396
819,0.133,19.183333333333334,AUTOBUS,169,piatek,AUTOBUS,16.917155,52.460396
820,0.15,19.183333333333334,TRAMWAJ,16,piatek,MODERTRANS,16.917155,52.460396
821,0.233,19.183333333333334,TRAMWAJ,14,piatek,SOLARIS,16.920209,52.435948
822,1.6,21.0,TRAMWAJ,8,piatek,MODERTRANS,16.886762,52.384075
823,-1.767,21.0,TRAMWAJ,7,piatek,MODERTRANS,16.886707,52.392884
824,0.067,21.0,TRAMWAJ,11,piatek,MODERTRANS,16.893565,52.390274
825,-0.483,21.0,AUTOBUS,179,piatek,AUTOBUS,16.896619,52.387072
826,-0.583,21.016666666666666,TRAMWAJ,14,piatek,SOLARIS,16.898504,52.393963
827,-0.6,21.016666666666666,TRAMWAJ,6,piatek,SOLARIS,16.91106,52.4065
828,4.65,21.016666666666666,AUTOBUS,164,piatek,AUTOBUS,16.904966,52.426144
829,-0.117,21.016666666666666,AUTOBUS,190,piatek,AUTOBUS,16.919463,52.427159
830,2.033,21.016666666666666,TRAMWAJ,6,piatek,SOLARIS,16.955791,52.410089
831,6.833,21.016666666666666,AUTOBUS,184,piatek,AUTOBUS,16.955791,52.410089
832,-0.217,21.016666666666666,TRAMWAJ,13,piatek,SIEMENS,16.948767,52.400586
833,0.383,21.016666666666666,AUTOBUS,152,piatek,AUTOBUS,16.948822,52.396174
834,2.033,21.016666666666666,AUTOBUS,190,piatek,AUTOBUS,16.948822,52.396174
835,-1.133,21.016666666666666,TRAMWAJ,7,piatek,MODERTRANS,16.948822,52.396174
836,1.05,21.016666666666666,AUTOBUS,162,piatek,AUTOBUS,16.948822,52.396174
837,2.183,21.016666666666666,TRAMWAJ,6,piatek,MODERTRANS,16.92792,52.39997
838,-1.583,21.016666666666666,TRAMWAJ,18,piatek,MODERTRANS,16.944506,52.397126
839,2.417,21.016666666666666,TRAMWAJ,9,piatek,SIEMENS,16.91195,52.382432
840,1.367,21.03333333333333,TRAMWAJ,14,piatek,SOLARIS,16.943308,52.381063
841,-0.367,21.03333333333333,TRAMWAJ,1,piatek,TATRA,16.943308,52.381063
842,-0.55,21.03333333333333,TRAMWAJ,12,piatek,SOLARIS,16.943308,52.381063
843,0.033,21.03333333333333,AUTOBUS,158,piatek,AUTOBUS,16.923755,52.356634
844,-0.367,21.03333333333333,AUTOBUS,194,piatek,AUTOBUS,16.948112,52.354312
845,1.383,21.03333333333333,AUTOBUS,189,piatek,AUTOBUS,16.942975,52.354954
846,1.783,21.03333333333333,AUTOBUS,189,piatek,AUTOBUS,16.938704,52.367867
847,1.167,21.03333333333333,TRAMWAJ,3,piatek,MODERTRANS,16.926833,52.424766
848,-0.45,21.03333333333333,TRAMWAJ,10,piatek,MODERTRANS,16.922921,52.421382
849,0.3,21.03333333333333,TRAMWAJ,16,piatek,MODERTRANS,16.920209,52.435948
850,0.067,21.03333333333333,TRAMWAJ,12,piatek,SOLARIS,16.913743,52.410965
851,-1.7,21.03333333333333,AUTOBUS,171,piatek,AUTOBUS,16.919463,52.427159
852,-0.633,21.03333333333333,AUTOBUS,190,piatek,AUTOBUS,16.924837,52.428007
853,-1.233,19.08333333333333,AUTOBUS,168,piatek,AUTOBUS,16.919692,52.421755
854,2.2,21.05,AUTOBUS,146,piatek,AUTOBUS,16.919631,52.450773
855,2.95,21.05,AUTOBUS,169,piatek,AUTOBUS,16.919631,52.450773
856,2.633,21.05,TRAMWAJ,14,piatek,SOLARIS,16.917155,52.460396
857,-0.167,21.05,TRAMWAJ,15,piatek,MODERTRANS,16.917155,52.460396
858,1.033,21.05,AUTOBUS,185,piatek,AUTOBUS,16.91797,52.462705
859,1.35,21.05,AUTOBUS,198,piatek,AUTOBUS,16.930503,52.464063
860,4.983,21.05,AUTOBUS,178,piatek,AUTOBUS,16.888648,52.463417
861,0.667,21.05,AUTOBUS,183,piatek,AUTOBUS,16.879105,52.457313
862,-1.85,7.733333333333333,AUTOBUS,168,piatek,AUTOBUS,16.91309,52.4078
863,0.15,21.05,AUTOBUS,160,piatek,AUTOBUS,16.877437,52.455996
864,0.4,21.05,AUTOBUS,164,piatek,AUTOBUS,16.874477,52.445306
865,1.983,21.05,AUTOBUS,837,piatek,AUTOBUS,16.874295,52.446883
866,1.333,21.05,AUTOBUS,834,piatek,AUTOBUS,16.866804,52.423632
867,1.1,21.05,AUTOBUS,169,piatek,AUTOBUS,16.887349,52.404905
868,2.333,21.05,TRAMWAJ,15,piatek,SOLARIS,16.875847,52.398963
869,0.183,21.05,TRAMWAJ,1,piatek,TATRA,16.875847,52.398963
870,-1.45,21.05,TRAMWAJ,7,piatek,MODERTRANS,16.886707,52.392884
871,-0.25,21.066666666666663,AUTOBUS,193,piatek,AUTOBUS,16.87868,52.387605
872,5.117,21.066666666666663,AUTOBUS,614,piatek,AUTOBUS,16.894399,52.365491
873,0.467,21.066666666666663,AUTOBUS,149,piatek,AUTOBUS,16.893001,52.369627
874,3.767,21.066666666666663,TRAMWAJ,9,piatek,SIEMENS,16.907614,52.377785
875,3.917,22.35,TRAMWAJ,3,piatek,MODERTRANS,16.918006,52.415581
